timestamp,alert
2024-10-24 01:00:42,ALERT! More than 3 people detected.
2024-10-24 01:00:42,ALERT! More than 3 people detected.
2024-10-24 01:00:42,ALERT! More than 3 people detected.
2024-10-24 01:00:42,ALERT! More than 3 people detected.
2024-10-24 01:00:42,ALERT! More than 3 people detected.
2024-10-24 01:00:42,ALERT! More than 3 people detected.
2024-10-24 01:00:42,ALERT! More than 3 people detected.
2024-10-24 01:00:42,ALERT! More than 3 people detected.
2024-10-24 01:00:42,ALERT! More than 3 people detected.
2024-10-24 01:00:42,ALERT! More than 3 people detected.
2024-10-24 01:00:42,ALERT! More than 3 people detected.
2024-10-24 01:00:42,ALERT! More than 3 people detected.
2024-10-24 01:00:43,ALERT! More than 3 people detected.
2024-10-24 01:00:43,ALERT! More than 3 people detected.
2024-10-24 01:00:43,ALERT! More than 3 people detected.
2024-10-24 01:00:43,ALERT! More than 3 people detected.
2024-10-24 01:00:43,ALERT! More than 3 people detected.
2024-10-24 01:00:43,ALERT! More than 3 people detected.
2024-10-24 01:00:43,ALERT! More than 3 people detected.
2024-10-24 01:00:43,ALERT! More than 3 people detected.
2024-10-24 01:00:43,ALERT! More than 3 people detected.
2024-10-24 01:00:43,ALERT! More than 3 people detected.
2024-10-24 01:00:44,ALERT! More than 3 people detected.
2024-10-24 01:00:44,ALERT! More than 3 people detected.
2024-10-24 01:00:44,ALERT! More than 3 people detected.
2024-10-24 01:00:44,ALERT! More than 3 people detected.
2024-10-24 01:00:44,ALERT! More than 3 people detected.
2024-10-24 01:00:44,ALERT! More than 3 people detected.
2024-10-24 01:00:44,ALERT! More than 3 people detected.
2024-10-24 01:00:44,ALERT! More than 3 people detected.
2024-10-24 01:00:44,ALERT! More than 3 people detected.
2024-10-24 01:00:44,ALERT! More than 3 people detected.
2024-10-24 01:00:44,ALERT! More than 3 people detected.
2024-10-24 01:00:44,ALERT! More than 3 people detected.
2024-10-24 01:00:44,ALERT! More than 3 people detected.
2024-10-24 01:00:45,ALERT! More than 3 people detected.
2024-10-24 01:00:45,ALERT! More than 3 people detected.
2024-10-24 01:00:45,ALERT! More than 3 people detected.
2024-10-24 01:00:45,ALERT! More than 3 people detected.
2024-10-24 01:00:45,ALERT! More than 3 people detected.
2024-10-24 01:00:45,ALERT! More than 3 people detected.
2024-10-24 01:00:45,ALERT! More than 3 people detected.
2024-10-24 01:00:45,ALERT! More than 3 people detected.
2024-10-24 01:00:45,ALERT! More than 3 people detected.
2024-10-24 01:00:45,ALERT! More than 3 people detected.
2024-10-24 01:00:45,ALERT! More than 3 people detected.
2024-10-24 01:00:45,ALERT! More than 3 people detected.
2024-10-24 01:00:46,ALERT! More than 3 people detected.
2024-10-24 01:00:46,ALERT! More than 3 people detected.
2024-10-24 01:00:46,ALERT! More than 3 people detected.
2024-10-24 01:00:46,ALERT! More than 3 people detected.
2024-10-24 01:00:46,ALERT! More than 3 people detected.
2024-10-24 01:00:46,ALERT! More than 3 people detected.
2024-10-24 01:00:46,ALERT! More than 3 people detected.
2024-10-24 01:00:46,ALERT! More than 3 people detected.
2024-10-24 01:00:46,ALERT! More than 3 people detected.
2024-10-24 01:00:46,ALERT! More than 3 people detected.
2024-10-24 01:00:47,ALERT! More than 3 people detected.
2024-10-24 01:00:47,ALERT! More than 3 people detected.
2024-10-24 01:00:47,ALERT! More than 3 people detected.
2024-10-24 01:00:47,ALERT! More than 3 people detected.
2024-10-24 01:00:47,ALERT! More than 3 people detected.
2024-10-24 01:00:47,ALERT! More than 3 people detected.
2024-10-24 01:00:47,ALERT! More than 3 people detected.
2024-10-24 01:00:47,ALERT! More than 3 people detected.
2024-10-24 01:00:47,ALERT! More than 3 people detected.
2024-10-24 01:00:47,ALERT! More than 3 people detected.
2024-10-24 01:00:48,ALERT! More than 3 people detected.
2024-10-24 01:00:48,ALERT! More than 3 people detected.
2024-10-24 01:00:48,ALERT! More than 3 people detected.
2024-10-24 01:00:48,ALERT! More than 3 people detected.
2024-10-24 01:00:48,ALERT! More than 3 people detected.
2024-10-24 01:00:48,ALERT! More than 3 people detected.
2024-10-24 01:00:48,ALERT! More than 3 people detected.
2024-10-24 01:00:48,ALERT! More than 3 people detected.
2024-10-24 01:00:48,ALERT! More than 3 people detected.
2024-10-24 01:00:49,ALERT! More than 3 people detected.
